{
  "bindings": [
    {
      "type": "sql",
      "direction": "out",
      "name": "toDoItem",
      "commandText": "dbo.ToDo",
      "connectionStringSetting": "SQLConnectionString"      	
    },	
    {
      "name": "context",
      "type": "orchestrationTrigger",
      "direction": "in"
    },
    {
      "name": "name",
      "type": "activityTrigger",
      "direction": "in"
    },
    {
      "name": "name",
      "type": "activityTrigger",
      "direction": "out"
    },
    {
      "name": "req",
      "type": "httpTrigger",
      "direction": "in",
      "authLevel": "function",
      "methods": [
        "post"
      ]
    }
  ],
  "disabled": false
}
