                                                                                                                    
{
    "WEBSITE_RUN_FROM_PACKAGE": 0,
    "BLOB_STORAGE_CONNECTION_STRING": "@keyvault(secret-dp-uploaddownload-stordpappefresp-blobconnectionstring)",
    "SQL_DATASOURCE_PASSWORD":"@Microsoft.KeyVault(SecretUri=https://kv-dp-app-exp-uks-st2-01.vault.azure.net/secrets/secret-dp-caseupdate-spnappazsqlapi-clientsecret/686ad8ac05d349d1b33f456645885a96/) ",
    "SQL_DATASOURCE_URL": "@Microsoft.KeyVault(SecretUri=https://kv-dp-app-exp-uks-st2-01.vault.azure.net/secrets/secret-dp-caseupdate-sqldpapp-connectionstring/452c8f27913c4a3b915f704ecdd739ad/)",
    "SQL_DATASOURCE_USERNAME": "@Microsoft.KeyVault(SecretUri=https://kv-dp-app-exp-uks-st2-01.vault.azure.net/secrets/secret-dp-caseupdate-spnappazsqlapi-clientid/1c2289895cf04c65b593c807ec09ced2/)",
    "APIM_URL": "https://apim-sit2.financial-ombudsman.org.uk",
    "APP_STORAGE_URL": "https://stordpappefrespuksst2001.blob.core.windows.net",
    "AzureWebJobsFeatureFlags": "EnableWorkerIndexing",
    "AzureWebJobsServiceBus__fullyQualifiedNamespace": "sb-dp-app-int-st2-001.servicebus.windows.net",
    "CONTAINER_NAME": "con-dp-efresp-export-st2",
    "DEV_APIM_URL": "https://portal-dev2.financial-ombudsman.org.uk/fileUpload",
    "From_Email": "No-Reply@DigitalSelfServe.Financial-Ombudsman.org.uk ",
    "FrontdoorEnabled": "TRUE",
    "QueueName": "queue-dp-int-caseexport-queue-st2"

}