{
    "definition": {
        "$schema": "https://schema.management.azure.com/providers/Microsoft.Logic/schemas/2016-06-01/workflowdefinition.json#",
        "actions": {
            "Compose": {
                "type": "Compose",
                "inputs": {
                    "incidentid": "@{triggerBody()?['incidentid']}"
                },
                "runAfter": {}
            },
            "Send_message": {
                "type": "ServiceProvider",
                "inputs": {
                    "parameters": {
                        "entityName": "@appsetting('serviceBus_incidentqueue')",
                        "message": {
                            "contentData": {
                                "incidentid": "@{triggerBody()?['incidentid']}"
                            }
                        }
                    },
                    "serviceProviderConfiguration": {
                        "connectionName": "serviceBus",
                        "operationId": "sendMessage",
                        "serviceProviderId": "/serviceProviders/serviceBus"
                    }
                },
                "runAfter": {
                    "Compose": [
                        "SUCCEEDED"
                    ]
                }
            }
        },
        "contentVersion": "1.0.0.0",
        "outputs": {},
        "triggers": {
            "When_a_row_is_added,_modified_or_deleted": {
                "type": "ApiConnectionWebhook",
                "inputs": {
                    "host": {
                        "connection": {
                            "referenceName": "commondataservice"
                        }
                    },
                    "body": {
                        "entityname": "incident",
                        "message": 2,
                        "scope": 4,
                        "version": 1,
                        "url": "@listCallbackUrl()"
                    },
                    "headers": {
                        "organization": "@appsetting('dynamiccrmurl')",
                        "Consistency": "Strong",
                        "catalog": "all",
                        "category": "all"
                    },
                    "path": "/api/data/v9.1/callbackregistrations"
                }
            }
        }
    },
    "kind": "Stateful"
}