{
  "version": "2.0",
  "logging": {
    "logLevel": {
      "DurableTask.AzureStorage": "Warning",
      "DurableTask.Core": "Warning"
    }
  },
  "extensionBundle": {
    "id": "Microsoft.Azure.Functions.ExtensionBundle",
    "version": "[4.*, 5.0.0)"
  } ,
    "extensions": {
    "serviceBus": {
      "transportType" : "amqpWebSockets",
      "prefetchCount": 1,
      "messageHandlerOptions": {
        "autoComplete": true,
        "maxConcurrentCalls": 1,
        "maxAutoRenewDuration": "00:05:00"
      }, "batchOptions": {
            "operationTimeout": "00:15:00"
         },
      "sessionHandlerOptions": {
        "autoComplete": true,
        "messageWaitTimeout": "00:05:00",
        "maxAutoRenewDuration": "00:55:00",
        "maxConcurrentSessions": 1
      },
      "durableTask": {
        "hubName": "JavaTestHub"
      }
    }
  },
  "disabled": false	

}
