<?xml version="1.0" encoding="UTF-8"?>
<!-- Extra logging related to initialization of Log4j. 
 Set to debug or trace if log4j initialization is failing. -->
<Configuration status="WARN">
    <Appenders>
        <Console name="Console" target="SYSTEM_OUT">
            <PatternLayout pattern="%d{HH:mm:ss.SSS} [%t] %-5level %logger{36} - %msg%n"/>
        </Console>
    </Appenders>
    <Loggers>
        <Root level="info" additivity="false">
            <AppenderRef ref="Console"/>
        </Root>
    </Loggers>
</Configuration>


  