{
  "version": "2.0",
  "extensionBundle": {
    "id": "Microsoft.Azure.Functions.ExtensionBundle",
    "version": "[4.*, 5.0.0)"
  } ,
    "extensions": {
    "serviceBus": {
      "transportType" : "amqpWebSockets",
      "prefetchCount": 1,
      "messageHandlerOptions": {
        "autoComplete": true,
        "maxConcurrentCalls": 1,
        "maxAutoRenewDuration": "00:05:00"
      }, "batchOptions": {
            "operationTimeout": "00:15:00"
         }
    }
  },
  "functionTimeout": "00:05:00",
  "bindings": [
    {
      "name": "req",
      "type": "httpTrigger",
      "direction": "in",
      "authLevel": "function",
      "methods": [
        "post"
      ]
    }
  ],
  "disabled": false	

}
