{
  "managedApiConnections": {
    "commondataservice": {
      "api": {
        "id": "/subscriptions/b70424dd-d53a-40a3-98a4-0cf1f27c11f0/providers/Microsoft.Web/locations/uksouth/managedApis/commondataservice"
      },
      "connection": {
        "id": "/subscriptions/b70424dd-d53a-40a3-98a4-0cf1f27c11f0/resourceGroups/rg-dp-app-logic-uks-dv2-001/providers/Microsoft.Web/connections/apix-dp-app-pnxcrm-uks-dv2-001"
      },
      "connectionRuntimeUrl": "@appsetting('commondataservice-ConnectionRuntimeUrl')",
      "authentication": "@parameters('commondataservice-Authentication')"
    }
  },
  "serviceProviderConnections": {
  "serviceBus": {
      "parameterValues": {
        "fullyQualifiedNamespace": "@appsetting('serviceBus_fullyQualifiedNamespace')",
        "authProvider": {
          "Type": "ManagedServiceIdentity"
        }
      },
      "parameterSetName": "ManagedServiceIdentity",
      "serviceProvider": {
        "id": "/serviceProviders/serviceBus"
      },
      "displayName": "apix-dp-app-intasb-uks-dv2-001"
    }}
}
